sha256	path
4621e42987d48901200b0556f33bff86ca0af1fd4cba41e5b4e2530c52073dc1	bootstrap.js
3dcfdd3c66486a9e82e1376919bc430af53343b876dfecf1fd4c39c09e263497	lib/aliasContract.js
54869c8a3122da33a026a5a11fdde068d8098c91935bcf04aee26bfac4796112	lib/canSecurity.js
b7e922d5ab5f7e2b4db99817cd67cb2f5039d7e6604c602bdf60eeacbe3f0f79	lib/deviceRuntime.js
83696212de1298abf7f649d0ff4515167fb648fcf2f7830904d31b151e0bef3d	lib/deyeProtocol.js
1218411160df8335f4c39572d27d174506a09f783a54c29e7b43bccaae61d898	lib/drivers/canbus.js
34e211cae256c7f8555899f96d1912e264cbc69ca45f81fa773bd9a62a7e34ce	lib/drivers/deyeModbus.js
bb500285dc7f49091c2b46afdfbbd9a961930794e94e7fa59d2262b47d402d4a	lib/drivers/http.js
a02bec0bc606c7273fb6c9879a877674aa9df4f83d55b5b1ba484e2171198632	lib/drivers/kostalRs485.js
834b06d8573a707f6303a4c6e60a262197a69c5c419ec7ded0ed098e82fd193e	lib/drivers/kostalRs485Bus.js
b4efc3360917f37a31ef98275cd18efcc1baf27a19a8dbbd890011d50c070d52	lib/drivers/kostalTcp.js
141760397df4b631bad90184ef5fbb779d0d9b812e0491188d500d93f1dc0fb8	lib/drivers/mbus.js
7694f88a83e018d50bf0983df87588a95a631ee1754984cb7deac2b15fd73022	lib/drivers/mbusBus.js
26d62f60d69f3a44342f290d5a6c3614348c9837065002472b0618b99e6b1b09	lib/drivers/modbus.js
f6917cc2327fd435ccecebfda783b389f4d8131e3d48dd77b31973d3129e93f1	lib/drivers/modbusAsciiBus.js
8726b4dadcab849252009c07d45514a1f116e219aeb5f3f978dca82036ea3496	lib/drivers/modbusRtuBus.js
4a7969b6dc4a0a64e8445c3c7d45251f845e49ce2e4d9f4d1872ccfa57ba0e9e	lib/drivers/mqtt.js
e79e4206835c61a5e13ea7f0eae65edee7d5b2f15934a910aef6b61ffd997044	lib/drivers/onewire.js
2c0ad562c6afa98cbde3ffbdfb1e25c17d5bc18a9fe2199a0e4f917e647cce53	lib/drivers/speedwire.js
43b7207b047bdbb3c00b86cc124586b16394e409fe876ce30e7ac58738446ac1	lib/drivers/taCmi.js
5609f0b843ed2d342b4f589b022caa16f25fe632cd1de45e6a3ad5465ac26ddd	lib/drivers/udp.js
61d23a526c671c2a20d46eb2ea23205fcb8e9e8aae3a9a3cbd19b5abde06ba81	lib/drivers/vartaModbus.js
570c35a28648d4448c6111450b74687633f11f4b33f971bb4f45156469e1ef5a	lib/eos-license-client/eos-platform.js
3d14eb830c226124dfc361a1397de073a6780bd2a0105606431ac72092449ebe	lib/eos-license-client/index.d.ts
5f646955eddb90efaa870e8bb7b5207d31c2787d10d2ff58394de88a3fe3a906	lib/eos-license-client/index.js
a5cf66acf97f6fcb19992430da5c306de82316730701d71f8fc33318d5356917	lib/eos-license-client/package.json
9bc5f5fe88c00570dc144cf1843f2533a09e54e7277b88bf49dacde7160c5a1e	lib/httpSecurity.js
a9179401bbaee9fce50754c56a3e14ae1a76a5647a020ef0484fa05bb9ff9280	lib/licenseControl.js
7e87958f5536915f7412df54989d19cb7426709f0a04609a885a6b80dd9f36dc	lib/licenseInventory.js
baabce83e73e2df234f15328f0f4b6e3ecbefe9bada5d1f74a374e4ea0575d61	lib/sungrowFastFeedbackPatch.js
8362f5b1ae0a20ce3892b7c14b86436b15064fee078cea0f0638d91867b743e3	lib/utils.js
99f602c8ecbf1bb0ed861b0aad02c6834c38c99edb6d7955f9f7145ee4e073e8	lib/vartaExtendedProtocol.js
da5d0a799ecddaa504e69892241912558c7846ac65df8b953ac41ff283b4813a	lib/vartaProtocol.js
44793113e1718820ccaca0176564ab9f20bddb302dcfbd25682af7b8ad1e34a1	lib/weidmuellerCodec.js
04299fc20d4fd0be47745054ea431456235d6ac5db83b51a073dcab82fe94f82	main.js
25bf5b75bd3ee22c215773e834e6a3bcd229220c17192bc845edf2c45d1be174	package.json
c5e5ed835e2e78fd039b0cd1e3fe190d721257bcbe6b4a7bc10960a9e7d1fc2d	test/ablEmh1Aliases.test.js
e2a65614efbcf9a6b38b57611ad229b83e3bfd85961adca572f409e1b3e0b168	test/ablEmh1PwmWrite.test.js
f895a148ce499125f4ac0442566ea01849e5c4b222d4cec2dc28c2adc1fe0847	test/ablEmh1ReadGroups.test.js
541f05932bbc977fc5a9facf3ff984abde913332c19458f8ee402dbb10c394e3	test/adminMqttConfiguration.test.js
5969abb60d6757ff537477caba08c2fcabc1d2638014703f9d9be597b4593033	test/alfenAceStatus.test.js
9ac18a4aea9b2d06a8aa05bc5da1a6dfcd390c1d13af0d23b8cad78ca862a4d5	test/alfenAceWrite.test.js
3e5cb1bbfdeea971195b5daa4d3248cf041d34b38230bb4c6218d43a9176e1b1	test/aliasContractV1.test.js
852e399d7732a44dd3fde0e3f91198f8f71b294c448ae638bd35f9bb4efee940	test/canSecurity.test.js
b73b0939f166d0632d950b9fdc214d094e703762f659c8e5833d73d0228c5341	test/depowerModbusTransport.test.js
1eecd7d0b6bfc535b893f68fac3456ba1f55fae795dd15293eb4ea280ad2ff57	test/deyeModbus.test.js
c8700dec55b3fe793f14cb989ee32c94e588d9231a7c260ec744aa9153b5ed66	test/deyeTestIsolation.test.js
7332413a72905e4d3373fea9205fe681815acadab335f07947d7143e924febfb	test/documentationLayout.test.js
a26b615f4d2115847267d7c38904065b37c52afae3ec60cca45afe5b673c4fa3	test/evChargerFreshness.test.js
54e56463b1ddf353080765a6956536f974ee39c1f141f81b2e0323b0b712a4aa	test/feneconCtrlBalancing.test.js
1cbb8814793e726f7e0448eb37c7fb4e34711306b75da4e830e07bdb32b9afb3	test/globalConnection.test.js
8f88ddb6f00cb098cffe408d9bdee59ec0271a5aa21a694063ce1d91c49a45c1	test/helpers/compatibilityHarness.cjs
12c7e7c6e676b1642a1e5fe673d3f7f2411005347059923cb37096f5ce8b0d46	test/httpSecurity.test.js
267f6c44cdc592566bd020887cd3e46901a8b4a95138dc652a1e138317926e38	test/legacyCompatibility.test.js
ba0c7711889fdf2f57ac372dea6b0981b90c21fc5d41e358b4435668ea790a5f	test/licenseControl.test.js
b734befea344fbca51920bcf903a9ddb5f40af956fe1b50877b2c4ac90c3a4ff	test/oemModbusV1003.test.js
14afb103cccdae60797a1276efd3e163e8e3a09bc6bad890cc8c6923aff88247	test/runtimeLiveness.test.js
21dc2d3c63b37bd575b58119ed4d2278809fd07a22b3d4e49c7bd3f94e80c893	test/sungrowFastFeedbackPatch.test.js
0e24691f39be8a7a8ad61e82d40321c9db5ceb933aee1f09edcd3007d3da3e99	test/taCmi.test.js
135f13275c4593162da09835909864fefe09109e59d25f0971584e6330f8fcf5	test/test-manifest.json
11d6b0c181dca7934635af6d8b660289ac644cb9c7d647617e18d98cab2e5f98	test/tesvoltIotGatewayMqtt.test.js
8f2c0a37c28989d93e62685869993977847c9e4433824161d46e1d6f60f5019a	test/tesvoltMqttTransport.test.js
21e649537288070ba5e2d20610569e742f24647aab43ae13b3cca2aa62fdbc68	test/tesvoltTelemetryMapping.test.js
eab46a77cf62364149b4e220c2109027d566e69f4af589c872149e6928fee697	test/transportImplementation.test.js
ee6453db603ef9961472645698a41da17dc4865adc645e28116e5c83aea333d3	test/vartaExtendedDriver.test.js
476216e7d322d29dc69c6186194a1f82583e19d41c72014d788dbc1954758296	test/vartaExtendedIntegration.test.js
5531cfbd3186620fc6ca434189e76ba58b04e451795d7783f6fd19aeeaeba2fa	test/vartaExtendedProtocol.test.js
b53daa5d90ce19d2fec44a70a6384cfcaf7f0195e728a082521504cdee4d2a58	test/vartaModbus.test.js
57f238d587b7bf2917fc5c41552f29bb9c44833181b34175e01cb9204d19fa07	test/weidmuellerWallbox.test.js
cdef25520eba4cae7c1f27d7adf05e45823436a0b578a508860a445460bd3b84	test/workspaceIsolation.test.js
183d946b091d574d66f75d696c6cd1d2357f851a6d2f3802634c6e55757d9477	test/writeErrorHandling.test.js
